{"objective": "regression", "metrics": "rmse", "verbosity": -1, "boosting": "gbdt", "seed": 831, "n_jobs": -1, "bagging_fraction": 0.2687120069724112, "bagging_freq": 29, "feature_fraction": 0.28648744844252544, "lambda_l1": 8.870841892322435e-08, "lambda_l2": 1.41098438849212e-05, "learning_rate": 0.05689829221803616, "max_depth": 14, "min_child_samples": 1, "num_leaves": 5}